rank,ticker,company_name,ev_ebitda_actual,residual_abs,ebitda_margin,gross_margin,revenue_ttm_usd_mm,revenue_cagr_3yr,net_debt_ebitda,business_model,customer_type,capital_intensity,sub_sector_description,tier,fit_notes,judge_score,low_confidence_flag,profile_incomplete,candidate_source
1,STRT,STRATTEC SECURITY CORP,6.987415255140087,2.309897989765792,0.06644887499867272,0.14967632099613143,565.066,0.0507655746179565,-2.0394961116437624,manufacturing,B2B,asset_heavy,Design and manufacture of automotive security and access products for OEM and aftermarket customers.,core,No material fit flags,5,False,False,sec_sic
2,FET,"FORUM ENERGY TECHNOLOGIES, INC.",15.309551294299617,2.6892485169202236,0.055544465137199704,0.27674440348008905,791.474,-0.0305612885445693,2.3035121241071836,manufacturing,B2B,asset_heavy,"manufactures highly engineered products including capital equipment and consumable products for oil, natural gas, defense, and renewable energy industries",core,revenue scale mismatch (+0.0 rank penalty),5,False,False,sec_sic
3,PPIH,"Perma-Pipe International Holdings, Inc.",5.8737772053901445,0.4649303583152564,0.16289676425269645,0.3294441152068271,210.925,0.33173174057985655,-0.4234989376873599,manufacturing,,asset_heavy,"Manufacture and sale of specialty piping systems and leak detection systems for energy, chemical, and oil & gas industries.",secondary,"business profile incomplete (customer_type unavailable; kept in pool, Core tier blocked); end-market similarity below threshold (0.36 vs. 0.48; +0.50 rank penalty); qualitative review: strongest fit",4,False,True,sec_sic
4,GENC,GENCOR INDUSTRIES INC,12.153110663246613,0.662350872868662,0.14184360300423607,0.27472127654045064,115.437,0.020067864906420763,-1.623732747037987,manufacturing,B2B,asset_heavy,"Manufacturer of heavy machinery and equipment for highway construction and environmental control, including asphalt plants, pavers, combustion systems, and fluid heat transfer systems.",secondary,end-market similarity below threshold (0.38 vs. 0.48; +0.41 rank penalty); qualitative review: strongest fit,5,False,False,sec_sic
5,ERII,"Energy Recovery, Inc.",14.40579923324532,0.40428848992790134,0.204827131501552,0.6514034684821501,134.987,0.025533208460141177,-1.7387970631849252,manufacturing,,asset_heavy,"Designs and manufactures energy-saving technology, primarily pressure exchanger technology, for critical infrastructure and multiple industries, with a historical focus on desalination.",secondary,"business profile incomplete (customer_type unavailable; kept in pool, Core tier blocked); end-market similarity below threshold (0.29 vs. 0.48; +0.81 rank penalty)",4,False,True,sec_sic
6,TAYD,"TAYLOR DEVICES, INC.",15.720471763024648,1.6506190300755672,0.24488029166569908,0.4639637005598612,46.2927,0.03835375372394112,-0.10503153797188752,manufacturing,,,"Design, development, manufacture and marketing of shock absorption, rate control, and energy storage devices for machinery, equipment and structures.",secondary,"business profile incomplete (customer_type, capital_intensity, primary_value_driver unavailable; kept in pool, Core tier blocked); end-market similarity below threshold (0.43 vs. 0.48; +0.21 rank penalty); qualitative review: strongest fit",4,False,True,sec_sic
7,FLOC,Flowco Holdings Inc.,11.060310529181553,0.9943192474901109,,,341.761,1.1415045425599724,0.5995984345754637,services,B2B,,"Production optimization, artificial lift, and emissions management solutions for oil and natural gas industry, including equipment, technology, and digital monitoring services.",secondary,"business profile incomplete (capital_intensity unavailable; kept in pool, Core tier blocked); business model mismatch (services vs target's manufacturing); end-market similarity below threshold (0.37 vs. 0.48; +0.46 rank penalty)",4,False,True,sec_sic
8,LYTS,LSI INDUSTRIES INC,16.245860396326332,2.1159745721270786,0.08431450860428653,0.24727186475913754,573.377,0.22089140997960133,0.932897567433394,,,,,secondary,"business profile incomplete (business_model, customer_type, capital_intensity, primary_value_driver, sub_sector_description unavailable; kept in pool, Core tier blocked)",5,False,True,sec_sic
9,TRT,TRIO-TECH INTERNATIONAL,29.33967813021703,2.1862069037450014,0.08211553752090588,0.2507060016998876,36.473,-0.13799867649839292,-3.446076794657763,,,,,secondary,"business profile incomplete (business_model, customer_type, capital_intensity, primary_value_driver, sub_sector_description unavailable; kept in pool, Core tier blocked)",5,False,True,sec_sic
10,PLOW,"DOUGLAS DYNAMICS, INC",11.337341609810379,1.7917679309324606,0.13560947057631015,0.2662589760278514,656.053,0.07455155265914737,0.13955736396641452,manufacturing,B2B,asset_heavy,"Manufacturer and upfitter of commercial work truck attachments and equipment, including snow and ice control attachments, service cranes, dump hoists, and storage solutions.",secondary,end-market similarity below threshold (0.38 vs. 0.48; +0.42 rank penalty),5,False,False,sec_sic
11,LNN,LINDSAY CORP,9.476973738763533,1.712438666960733,0.16118444397132922,0.31163508622525016,676.368,0.0016927182298358545,-1.2431847367455513,manufacturing,B2B,asset_heavy,"Manufacture and distribution of agricultural irrigation equipment and road infrastructure products, with technology-enabled solutions for water management.",secondary,end-market similarity below threshold (0.32 vs. 0.48; +0.65 rank penalty),5,False,False,sec_sic
12,ACLS,AXCELIS TECHNOLOGIES INC,29.898187178663246,1.9468006183088113,0.16319447755074798,0.4491375940351446,839.048,-0.13853399427216928,-0.7531111240944146,manufacturing,B2B,asset_heavy,"Designs, manufactures, and services ion implantation and processing equipment for semiconductor chip fabrication, with aftermarket lifecycle products and services.",secondary,revenue scale mismatch (+0.0 rank penalty); end-market similarity below threshold (0.39 vs. 0.48; +0.38 rank penalty),5,False,False,sec_sic
13,CECO,CECO ENVIRONMENTAL CORP,23.84118072372094,1.8472827184794733,0.1688329129976071,0.3476660713524738,774.381,0.19217733076316046,1.3713678188173564,manufacturing,B2B,,"Provides technology and engineered solutions for industrial air, water, and energy transition markets, focusing on improving air and water quality, emissions management, and process efficiency for industrial applications.",secondary,"business profile incomplete (capital_intensity unavailable; kept in pool, Core tier blocked); revenue scale mismatch (+0.0 rank penalty); end-market similarity below threshold (0.34 vs. 0.48; +0.57 rank penalty)",5,False,True,sec_sic
14,JBI,"Janus International Group, Inc.",8.514283456591642,2.080143968516272,0.14069215109703687,0.3879212847771997,884.2,-0.08942612260369054,2.8239549839228295,manufacturing,B2B,asset_heavy,"Manufactures and supplies building solutions and components for self-storage, commercial, and industrial facilities, including doors, hallway systems, steel buildings, automation technologies, and related services.",secondary,revenue scale mismatch (+0.1 rank penalty); end-market similarity below threshold (0.40 vs. 0.48; +0.32 rank penalty),5,False,False,sec_sic
15,INVX,"Innovex International, Inc.",9.200139372281724,2.11941434589729,0.19766603867514573,0.3100226833399608,978.251,0.32699068382087493,0.13255105576442722,manufacturing,B2B,asset_heavy,"Designs, manufactures, sells and rents mission critical engineered products to the global oil and natural gas industry.",secondary,revenue scale mismatch (+0.1 rank penalty); end-market similarity below threshold (0.42 vs. 0.48; +0.24 rank penalty),5,False,False,sec_sic
16,HLIO,"HELIOS TECHNOLOGIES, INC.",20.71081188372093,1.9719066373413898,0.1537544696066746,0.3232419547079857,839.0,0.002032400925035205,0.2937984496124031,manufacturing,,asset_heavy,"Designs and manufactures hydraulic motion control, fluid conveyance technology products, and customized electronic controls systems for diverse industrial end markets.",review_exclude,"business profile incomplete (customer_type unavailable; kept in pool, Core tier blocked); revenue scale mismatch (+0.0 rank penalty); qualitative review: Large scale (839M revenue) 5.6x target; serves diverse industrial markets including electronics, less direct end-market overlap.",5,False,True,sec_sic
17,HLLY,Holley Inc.,8.569221836524381,1.6443318992644134,0.15025736983997104,0.4339509774838064,613.514,0.01874717713010443,5.265693984921625,manufacturing,B2C,asset_heavy,High-performance automotive aftermarket parts manufacturing and distribution for car and truck enthusiasts.,review_exclude,"customer type mismatch (B2C vs target's B2B); qualitative review: B2C automotive aftermarket focus, diverging from target's OEM customer base and end markets.",5,False,False,sec_sic
18,ACMR,"ACM Research, Inc.",44.23508226182241,2.1060810637172462,0.1395270656345382,0.4438732998339082,901.309,0.27124007855031396,-3.7319592547532143,manufacturing,B2B,asset_heavy,"Manufactures and sells advanced capital equipment for semiconductor fabrication and packaging processes, including wet-cleaning, plating, furnace, PECVD, and other front-end processing tools.",review_exclude,revenue scale mismatch (+0.1 rank penalty); end-market similarity below threshold (0.41 vs. 0.48; +0.28 rank penalty); qualitative review: Largest scale mismatch (6x target revenue); semiconductor capital equipment end market diverges from target.; EV/EBITDA statistical outlier,5,False,False,sec_sic
